,Topic_Titolo,Conteggio
0,molecular,185
1,systems,172
2,development,138
3,study,129
4,mechanisms,114
5,control,104
6,innovative,102
7,european,99
8,role,95
9,analysis,87
10,disease,76
11,design,75
12,applications,71
13,processes,70
14,italian,69
15,models,69
16,integrated,68
17,italy,66
18,characterization,62
19,functional,60
20,human,60
21,structures,60
22,technologies,60
23,production,59
24,cancer,58
25,materials,58
26,therapy,58
27,structural,57
28,cells,56
29,methods,56
30,mediterranean,52
31,genetic,51
32,identification,51
33,biological,50
34,gene,50
35,management,49
36,strategies,49
37,sustainable,48
38,approach,46
39,environmental,46
40,cell,45
41,natural,45
42,quality,45
43,cellular,44
44,diseases,44
45,risk,44
46,treatment,44
47,energy,43
48,evaluation,43
49,network,43
50,protein,43
51,advanced,42
52,dynamics,42
53,assessment,41
54,effects,39
55,techniques,39
56,evolution,38
57,synthesis,38
58,impact,37
59,aspects,36
60,clinical,35
61,growth,35
62,monitoring,35
63,regulation,35
64,studies,34
65,therapeutic,34
66,damage,33
67,proteins,33
68,structure,33
69,theory,33
70,factors,32
71,interaction,32
72,based,31
73,environment,31
74,thyroid,31
75,water,31
76,food,30
77,urban,30
78,expression,29
79,involved,29
80,physics,29
81,age,28
82,innovation,28
83,metabolic,28
84,activity,27
85,function,27
86,genes,27
87,health,27
88,modeling,27
89,pathogenesis,27
90,engineering,26
91,generation,26
92,history,26
93,industrial,26
94,targets,26
95,experimental,25
96,properties,25
97,protection,25
98,receptors,25
99,safety,25
